{"Intercept": 1.4022286596, "Densidade_demográfica": 5.76899e-05, "População_ocupada": 0.0130108306, "Taxa_de_escolarização_de_6_a_14_anos_de_idade": 0.0025719981, "Mortalidade_Infantil": -0.0025236633, "Esgotamento_sanitário_adequado": -0.0004032722}